web-scraper-order,web-scraper-start-url,place,place-href,karwei_name,karwei_addres,karwei_city
"1762859293-1","https://www.karwei.nl/vestigingen/overzicht?_gl=1*yptrie*_up*MQ..*_gs*MQ..&gclid=CjwKCAiA2svIBhB-EiwARWDPjuYN_7FbQ4zt2MpiTwMMzYofh0JWL7U0rRIHHPjfC9K_75RVnsKeNxoCsA8QAvD_BwE&gclsrc=aw.ds&gbraid=0AAAAADshOIT5HPa_WJY4uuwfdx7sBLTPV","KARWEI Zwolle","https://www.karwei.nl/vestigingen/zwolle","KARWEI Zwolle","G. Stephensonstraat 6","ZWOLLE"
"1762859296-2","https://www.karwei.nl/vestigingen/overzicht?_gl=1*yptrie*_up*MQ..*_gs*MQ..&gclid=CjwKCAiA2svIBhB-EiwARWDPjuYN_7FbQ4zt2MpiTwMMzYofh0JWL7U0rRIHHPjfC9K_75RVnsKeNxoCsA8QAvD_BwE&gclsrc=aw.ds&gbraid=0AAAAADshOIT5HPa_WJY4uuwfdx7sBLTPV","KARWEI Zutphen","https://www.karwei.nl/vestigingen/zutphen","KARWEI Zutphen","De Stoven 47","ZUTPHEN"
"1762859298-3","https://www.karwei.nl/vestigingen/overzicht?_gl=1*yptrie*_up*MQ..*_gs*MQ..&gclid=CjwKCAiA2svIBhB-EiwARWDPjuYN_7FbQ4zt2MpiTwMMzYofh0JWL7U0rRIHHPjfC9K_75RVnsKeNxoCsA8QAvD_BwE&gclsrc=aw.ds&gbraid=0AAAAADshOIT5HPa_WJY4uuwfdx7sBLTPV","KARWEI Zevenaar","https://www.karwei.nl/vestigingen/zevenaar","KARWEI Zevenaar","Edisonstraat 20/a","ZEVENAAR"
"1762859300-4","https://www.karwei.nl/vestigingen/overzicht?_gl=1*yptrie*_up*MQ..*_gs*MQ..&gclid=CjwKCAiA2svIBhB-EiwARWDPjuYN_7FbQ4zt2MpiTwMMzYofh0JWL7U0rRIHHPjfC9K_75RVnsKeNxoCsA8QAvD_BwE&gclsrc=aw.ds&gbraid=0AAAAADshOIT5HPa_WJY4uuwfdx7sBLTPV","KARWEI Zaandam","https://www.karwei.nl/vestigingen/zaandam","KARWEI Zaandam","Stormhoek 21/A","ZAANDAM"
"1762859302-5","https://www.karwei.nl/vestigingen/overzicht?_gl=1*yptrie*_up*MQ..*_gs*MQ..&gclid=CjwKCAiA2svIBhB-EiwARWDPjuYN_7FbQ4zt2MpiTwMMzYofh0JWL7U0rRIHHPjfC9K_75RVnsKeNxoCsA8QAvD_BwE&gclsrc=aw.ds&gbraid=0AAAAADshOIT5HPa_WJY4uuwfdx7sBLTPV","KARWEI Wolvega","https://www.karwei.nl/vestigingen/wolvega","KARWEI Wolvega","Jachtwerfstraat 3","WOLVEGA"
"1762859304-6","https://www.karwei.nl/vestigingen/overzicht?_gl=1*yptrie*_up*MQ..*_gs*MQ..&gclid=CjwKCAiA2svIBhB-EiwARWDPjuYN_7FbQ4zt2MpiTwMMzYofh0JWL7U0rRIHHPjfC9K_75RVnsKeNxoCsA8QAvD_BwE&gclsrc=aw.ds&gbraid=0AAAAADshOIT5HPa_WJY4uuwfdx7sBLTPV","KARWEI Wijk bij Duurstede","https://www.karwei.nl/vestigingen/wijk-bij-duurstede","KARWEI Wijk bij Duurstede","Hoge Maat 6/a","WIJK BIJ DUURSTEDE"
"1762859307-7","https://www.karwei.nl/vestigingen/overzicht?_gl=1*yptrie*_up*MQ..*_gs*MQ..&gclid=CjwKCAiA2svIBhB-EiwARWDPjuYN_7FbQ4zt2MpiTwMMzYofh0JWL7U0rRIHHPjfC9K_75RVnsKeNxoCsA8QAvD_BwE&gclsrc=aw.ds&gbraid=0AAAAADshOIT5HPa_WJY4uuwfdx7sBLTPV","KARWEI Westland-De Lier","https://www.karwei.nl/vestigingen/westland-de-lier","KARWEI Westland-De Lier","Leehove 7","DE LIER"
"1762859309-8","https://www.karwei.nl/vestigingen/overzicht?_gl=1*yptrie*_up*MQ..*_gs*MQ..&gclid=CjwKCAiA2svIBhB-EiwARWDPjuYN_7FbQ4zt2MpiTwMMzYofh0JWL7U0rRIHHPjfC9K_75RVnsKeNxoCsA8QAvD_BwE&gclsrc=aw.ds&gbraid=0AAAAADshOIT5HPa_WJY4uuwfdx7sBLTPV","KARWEI Weesp","https://www.karwei.nl/vestigingen/weesp","KARWEI Weesp","Nijverheidslaan 1/B","WEESP"
"1762859311-9","https://www.karwei.nl/vestigingen/overzicht?_gl=1*yptrie*_up*MQ..*_gs*MQ..&gclid=CjwKCAiA2svIBhB-EiwARWDPjuYN_7FbQ4zt2MpiTwMMzYofh0JWL7U0rRIHHPjfC9K_75RVnsKeNxoCsA8QAvD_BwE&gclsrc=aw.ds&gbraid=0AAAAADshOIT5HPa_WJY4uuwfdx7sBLTPV","KARWEI Waalwijk","https://www.karwei.nl/vestigingen/waalwijk","KARWEI Waalwijk","Prof. Zeemanweg 14","WAALWIJK"
"1762859313-10","https://www.karwei.nl/vestigingen/overzicht?_gl=1*yptrie*_up*MQ..*_gs*MQ..&gclid=CjwKCAiA2svIBhB-EiwARWDPjuYN_7FbQ4zt2MpiTwMMzYofh0JWL7U0rRIHHPjfC9K_75RVnsKeNxoCsA8QAvD_BwE&gclsrc=aw.ds&gbraid=0AAAAADshOIT5HPa_WJY4uuwfdx7sBLTPV","KARWEI Vught","https://www.karwei.nl/vestigingen/vught","KARWEI Vught","De Schakel 2","VUGHT"
"1762859315-11","https://www.karwei.nl/vestigingen/overzicht?_gl=1*yptrie*_up*MQ..*_gs*MQ..&gclid=CjwKCAiA2svIBhB-EiwARWDPjuYN_7FbQ4zt2MpiTwMMzYofh0JWL7U0rRIHHPjfC9K_75RVnsKeNxoCsA8QAvD_BwE&gclsrc=aw.ds&gbraid=0AAAAADshOIT5HPa_WJY4uuwfdx7sBLTPV","KARWEI Venlo-Tegelen","https://www.karwei.nl/vestigingen/venlo-tegelen","KARWEI Venlo-Tegelen","Ariënsstraat 96","VENLO"
"1762859317-12","https://www.karwei.nl/vestigingen/overzicht?_gl=1*yptrie*_up*MQ..*_gs*MQ..&gclid=CjwKCAiA2svIBhB-EiwARWDPjuYN_7FbQ4zt2MpiTwMMzYofh0JWL7U0rRIHHPjfC9K_75RVnsKeNxoCsA8QAvD_BwE&gclsrc=aw.ds&gbraid=0AAAAADshOIT5HPa_WJY4uuwfdx7sBLTPV","KARWEI Veenendaal","https://www.karwei.nl/vestigingen/veenendaal","KARWEI Veenendaal","Groeneveldselaan 33","VEENENDAAL"
"1762859320-13","https://www.karwei.nl/vestigingen/overzicht?_gl=1*yptrie*_up*MQ..*_gs*MQ..&gclid=CjwKCAiA2svIBhB-EiwARWDPjuYN_7FbQ4zt2MpiTwMMzYofh0JWL7U0rRIHHPjfC9K_75RVnsKeNxoCsA8QAvD_BwE&gclsrc=aw.ds&gbraid=0AAAAADshOIT5HPa_WJY4uuwfdx7sBLTPV","KARWEI Valkenswaard","https://www.karwei.nl/vestigingen/valkenswaard","KARWEI Valkenswaard","De Vest 74","VALKENSWAARD"
"1762859322-14","https://www.karwei.nl/vestigingen/overzicht?_gl=1*yptrie*_up*MQ..*_gs*MQ..&gclid=CjwKCAiA2svIBhB-EiwARWDPjuYN_7FbQ4zt2MpiTwMMzYofh0JWL7U0rRIHHPjfC9K_75RVnsKeNxoCsA8QAvD_BwE&gclsrc=aw.ds&gbraid=0AAAAADshOIT5HPa_WJY4uuwfdx7sBLTPV","KARWEI Valkenburg","https://www.karwei.nl/vestigingen/valkenburg","KARWEI Valkenburg","De Valkenberg 16","VALKENBURG LB"
"1762859324-15","https://www.karwei.nl/vestigingen/overzicht?_gl=1*yptrie*_up*MQ..*_gs*MQ..&gclid=CjwKCAiA2svIBhB-EiwARWDPjuYN_7FbQ4zt2MpiTwMMzYofh0JWL7U0rRIHHPjfC9K_75RVnsKeNxoCsA8QAvD_BwE&gclsrc=aw.ds&gbraid=0AAAAADshOIT5HPa_WJY4uuwfdx7sBLTPV","KARWEI Utrecht-Vleuterweide","https://www.karwei.nl/vestigingen/utrecht-vleuterweide","KARWEI Utrecht-Vleuterweide","Mostperenlaan 4","VLEUTEN"
"1762859326-16","https://www.karwei.nl/vestigingen/overzicht?_gl=1*yptrie*_up*MQ..*_gs*MQ..&gclid=CjwKCAiA2svIBhB-EiwARWDPjuYN_7FbQ4zt2MpiTwMMzYofh0JWL7U0rRIHHPjfC9K_75RVnsKeNxoCsA8QAvD_BwE&gclsrc=aw.ds&gbraid=0AAAAADshOIT5HPa_WJY4uuwfdx7sBLTPV","KARWEI Utrecht-Overvecht","https://www.karwei.nl/vestigingen/utrecht-overvecht","KARWEI Utrecht-Overvecht","Seinedreef 25","UTRECHT"
"1762859328-17","https://www.karwei.nl/vestigingen/overzicht?_gl=1*yptrie*_up*MQ..*_gs*MQ..&gclid=CjwKCAiA2svIBhB-EiwARWDPjuYN_7FbQ4zt2MpiTwMMzYofh0JWL7U0rRIHHPjfC9K_75RVnsKeNxoCsA8QAvD_BwE&gclsrc=aw.ds&gbraid=0AAAAADshOIT5HPa_WJY4uuwfdx7sBLTPV","KARWEI Uden","https://www.karwei.nl/vestigingen/uden","KARWEI Uden","Loopkantstraat 25/A","UDEN"
"1762859330-18","https://www.karwei.nl/vestigingen/overzicht?_gl=1*yptrie*_up*MQ..*_gs*MQ..&gclid=CjwKCAiA2svIBhB-EiwARWDPjuYN_7FbQ4zt2MpiTwMMzYofh0JWL7U0rRIHHPjfC9K_75RVnsKeNxoCsA8QAvD_BwE&gclsrc=aw.ds&gbraid=0AAAAADshOIT5HPa_WJY4uuwfdx7sBLTPV","KARWEI Tilburg-Reeshof","https://www.karwei.nl/vestigingen/tilburg-reeshof","KARWEI Tilburg-Reeshof","Brakman 77","TILBURG"
"1762859333-19","https://www.karwei.nl/vestigingen/overzicht?_gl=1*yptrie*_up*MQ..*_gs*MQ..&gclid=CjwKCAiA2svIBhB-EiwARWDPjuYN_7FbQ4zt2MpiTwMMzYofh0JWL7U0rRIHHPjfC9K_75RVnsKeNxoCsA8QAvD_BwE&gclsrc=aw.ds&gbraid=0AAAAADshOIT5HPa_WJY4uuwfdx7sBLTPV","KARWEI Tiel","https://www.karwei.nl/vestigingen/tiel","KARWEI Tiel","Simon Stevinstraat 26","TIEL"
"1762859335-20","https://www.karwei.nl/vestigingen/overzicht?_gl=1*yptrie*_up*MQ..*_gs*MQ..&gclid=CjwKCAiA2svIBhB-EiwARWDPjuYN_7FbQ4zt2MpiTwMMzYofh0JWL7U0rRIHHPjfC9K_75RVnsKeNxoCsA8QAvD_BwE&gclsrc=aw.ds&gbraid=0AAAAADshOIT5HPa_WJY4uuwfdx7sBLTPV","KARWEI Ter Apel","https://www.karwei.nl/vestigingen/ter-apel","KARWEI Ter Apel","Viaductstraat 58/59","TER APEL"
"1762859337-21","https://www.karwei.nl/vestigingen/overzicht?_gl=1*yptrie*_up*MQ..*_gs*MQ..&gclid=CjwKCAiA2svIBhB-EiwARWDPjuYN_7FbQ4zt2MpiTwMMzYofh0JWL7U0rRIHHPjfC9K_75RVnsKeNxoCsA8QAvD_BwE&gclsrc=aw.ds&gbraid=0AAAAADshOIT5HPa_WJY4uuwfdx7sBLTPV","KARWEI Surhuisterveen-Opende","https://www.karwei.nl/vestigingen/surhuisterveen-opende","KARWEI Surhuisterveen-Opende","De Wending 4","OPENDE"
"1762859339-22","https://www.karwei.nl/vestigingen/overzicht?_gl=1*yptrie*_up*MQ..*_gs*MQ..&gclid=CjwKCAiA2svIBhB-EiwARWDPjuYN_7FbQ4zt2MpiTwMMzYofh0JWL7U0rRIHHPjfC9K_75RVnsKeNxoCsA8QAvD_BwE&gclsrc=aw.ds&gbraid=0AAAAADshOIT5HPa_WJY4uuwfdx7sBLTPV","KARWEI Steenwijk","https://www.karwei.nl/vestigingen/steenwijk","KARWEI Steenwijk","Broekslagen 4","STEENWIJK"
"1762859341-23","https://www.karwei.nl/vestigingen/overzicht?_gl=1*yptrie*_up*MQ..*_gs*MQ..&gclid=CjwKCAiA2svIBhB-EiwARWDPjuYN_7FbQ4zt2MpiTwMMzYofh0JWL7U0rRIHHPjfC9K_75RVnsKeNxoCsA8QAvD_BwE&gclsrc=aw.ds&gbraid=0AAAAADshOIT5HPa_WJY4uuwfdx7sBLTPV","KARWEI Steenbergen","https://www.karwei.nl/vestigingen/steenbergen","KARWEI Steenbergen","Houtzagerij 4","STEENBERGEN"
"1762859343-24","https://www.karwei.nl/vestigingen/overzicht?_gl=1*yptrie*_up*MQ..*_gs*MQ..&gclid=CjwKCAiA2svIBhB-EiwARWDPjuYN_7FbQ4zt2MpiTwMMzYofh0JWL7U0rRIHHPjfC9K_75RVnsKeNxoCsA8QAvD_BwE&gclsrc=aw.ds&gbraid=0AAAAADshOIT5HPa_WJY4uuwfdx7sBLTPV","KARWEI Someren-Asten","https://www.karwei.nl/vestigingen/someren-asten","KARWEI Someren-Asten","Witvrouwenbergweg 11","SOMEREN"
"1762859346-25","https://www.karwei.nl/vestigingen/overzicht?_gl=1*yptrie*_up*MQ..*_gs*MQ..&gclid=CjwKCAiA2svIBhB-EiwARWDPjuYN_7FbQ4zt2MpiTwMMzYofh0JWL7U0rRIHHPjfC9K_75RVnsKeNxoCsA8QAvD_BwE&gclsrc=aw.ds&gbraid=0AAAAADshOIT5HPa_WJY4uuwfdx7sBLTPV","KARWEI Soest","https://www.karwei.nl/vestigingen/soest","KARWEI Soest","Weteringpad 13","SOEST"
"1762859348-26","https://www.karwei.nl/vestigingen/overzicht?_gl=1*yptrie*_up*MQ..*_gs*MQ..&gclid=CjwKCAiA2svIBhB-EiwARWDPjuYN_7FbQ4zt2MpiTwMMzYofh0JWL7U0rRIHHPjfC9K_75RVnsKeNxoCsA8QAvD_BwE&gclsrc=aw.ds&gbraid=0AAAAADshOIT5HPa_WJY4uuwfdx7sBLTPV","KARWEI Sneek","https://www.karwei.nl/vestigingen/sneek","KARWEI Sneek","Wolkammersstraat 1","SNEEK"
"1762859350-27","https://www.karwei.nl/vestigingen/overzicht?_gl=1*yptrie*_up*MQ..*_gs*MQ..&gclid=CjwKCAiA2svIBhB-EiwARWDPjuYN_7FbQ4zt2MpiTwMMzYofh0JWL7U0rRIHHPjfC9K_75RVnsKeNxoCsA8QAvD_BwE&gclsrc=aw.ds&gbraid=0AAAAADshOIT5HPa_WJY4uuwfdx7sBLTPV","KARWEI Schijndel","https://www.karwei.nl/vestigingen/schijndel","KARWEI Schijndel","Galvaniweg 26","SCHIJNDEL"
"1762859352-28","https://www.karwei.nl/vestigingen/overzicht?_gl=1*yptrie*_up*MQ..*_gs*MQ..&gclid=CjwKCAiA2svIBhB-EiwARWDPjuYN_7FbQ4zt2MpiTwMMzYofh0JWL7U0rRIHHPjfC9K_75RVnsKeNxoCsA8QAvD_BwE&gclsrc=aw.ds&gbraid=0AAAAADshOIT5HPa_WJY4uuwfdx7sBLTPV","KARWEI Schagen","https://www.karwei.nl/vestigingen/schagen","KARWEI Schagen","Witte Paal 203","SCHAGEN"
"1762859354-29","https://www.karwei.nl/vestigingen/overzicht?_gl=1*yptrie*_up*MQ..*_gs*MQ..&gclid=CjwKCAiA2svIBhB-EiwARWDPjuYN_7FbQ4zt2MpiTwMMzYofh0JWL7U0rRIHHPjfC9K_75RVnsKeNxoCsA8QAvD_BwE&gclsrc=aw.ds&gbraid=0AAAAADshOIT5HPa_WJY4uuwfdx7sBLTPV","KARWEI Rotterdam-Nieuw Kralingen","https://www.karwei.nl/vestigingen/rotterdam-nieuw-kralingen","KARWEI Rotterdam-Nieuw Kralingen","Boezembocht 32","ROTTERDAM"
"1762859357-30","https://www.karwei.nl/vestigingen/overzicht?_gl=1*yptrie*_up*MQ..*_gs*MQ..&gclid=CjwKCAiA2svIBhB-EiwARWDPjuYN_7FbQ4zt2MpiTwMMzYofh0JWL7U0rRIHHPjfC9K_75RVnsKeNxoCsA8QAvD_BwE&gclsrc=aw.ds&gbraid=0AAAAADshOIT5HPa_WJY4uuwfdx7sBLTPV","KARWEI Rotterdam","https://www.karwei.nl/vestigingen/rotterdam","KARWEI Rotterdam","Maashaven Zuidzijde 100","ROTTERDAM"
"1762859359-31","https://www.karwei.nl/vestigingen/overzicht?_gl=1*yptrie*_up*MQ..*_gs*MQ..&gclid=CjwKCAiA2svIBhB-EiwARWDPjuYN_7FbQ4zt2MpiTwMMzYofh0JWL7U0rRIHHPjfC9K_75RVnsKeNxoCsA8QAvD_BwE&gclsrc=aw.ds&gbraid=0AAAAADshOIT5HPa_WJY4uuwfdx7sBLTPV","KARWEI Rosmalen-Hintham","https://www.karwei.nl/vestigingen/rosmalen-hintham","KARWEI Rosmalen-Hintham","Kloosterstraat 1/A","ROSMALEN"
"1762859361-32","https://www.karwei.nl/vestigingen/overzicht?_gl=1*yptrie*_up*MQ..*_gs*MQ..&gclid=CjwKCAiA2svIBhB-EiwARWDPjuYN_7FbQ4zt2MpiTwMMzYofh0JWL7U0rRIHHPjfC9K_75RVnsKeNxoCsA8QAvD_BwE&gclsrc=aw.ds&gbraid=0AAAAADshOIT5HPa_WJY4uuwfdx7sBLTPV","KARWEI Roosendaal","https://www.karwei.nl/vestigingen/roosendaal","KARWEI Roosendaal","Borchwerf 8/a","ROOSENDAAL"
"1762859363-33","https://www.karwei.nl/vestigingen/overzicht?_gl=1*yptrie*_up*MQ..*_gs*MQ..&gclid=CjwKCAiA2svIBhB-EiwARWDPjuYN_7FbQ4zt2MpiTwMMzYofh0JWL7U0rRIHHPjfC9K_75RVnsKeNxoCsA8QAvD_BwE&gclsrc=aw.ds&gbraid=0AAAAADshOIT5HPa_WJY4uuwfdx7sBLTPV","KARWEI Roelofarendsveen","https://www.karwei.nl/vestigingen/roelofarendsveen","KARWEI Roelofarendsveen","Lasso Zuid 21","ROELOFARENDSVEEN"
"1762859365-34","https://www.karwei.nl/vestigingen/overzicht?_gl=1*yptrie*_up*MQ..*_gs*MQ..&gclid=CjwKCAiA2svIBhB-EiwARWDPjuYN_7FbQ4zt2MpiTwMMzYofh0JWL7U0rRIHHPjfC9K_75RVnsKeNxoCsA8QAvD_BwE&gclsrc=aw.ds&gbraid=0AAAAADshOIT5HPa_WJY4uuwfdx7sBLTPV","KARWEI Rijssen","https://www.karwei.nl/vestigingen/rijssen","KARWEI Rijssen","Galvanistraat 11/a","RIJSSEN"
"1762859367-35","https://www.karwei.nl/vestigingen/overzicht?_gl=1*yptrie*_up*MQ..*_gs*MQ..&gclid=CjwKCAiA2svIBhB-EiwARWDPjuYN_7FbQ4zt2MpiTwMMzYofh0JWL7U0rRIHHPjfC9K_75RVnsKeNxoCsA8QAvD_BwE&gclsrc=aw.ds&gbraid=0AAAAADshOIT5HPa_WJY4uuwfdx7sBLTPV","KARWEI Rhenen-Elst","https://www.karwei.nl/vestigingen/rhenen-elst","KARWEI Rhenen-Elst","Tasveld 38","RHENEN"
"1762859370-36","https://www.karwei.nl/vestigingen/overzicht?_gl=1*yptrie*_up*MQ..*_gs*MQ..&gclid=CjwKCAiA2svIBhB-EiwARWDPjuYN_7FbQ4zt2MpiTwMMzYofh0JWL7U0rRIHHPjfC9K_75RVnsKeNxoCsA8QAvD_BwE&gclsrc=aw.ds&gbraid=0AAAAADshOIT5HPa_WJY4uuwfdx7sBLTPV","KARWEI Purmerend","https://www.karwei.nl/vestigingen/purmerend","KARWEI Purmerend","Neckerstraat 14","WIJDEWORMER"
"1762859372-37","https://www.karwei.nl/vestigingen/overzicht?_gl=1*yptrie*_up*MQ..*_gs*MQ..&gclid=CjwKCAiA2svIBhB-EiwARWDPjuYN_7FbQ4zt2MpiTwMMzYofh0JWL7U0rRIHHPjfC9K_75RVnsKeNxoCsA8QAvD_BwE&gclsrc=aw.ds&gbraid=0AAAAADshOIT5HPa_WJY4uuwfdx7sBLTPV","KARWEI Papendrecht","https://www.karwei.nl/vestigingen/papendrecht","KARWEI Papendrecht","Burg. Keijzerweg 24","PAPENDRECHT"
"1762859374-38","https://www.karwei.nl/vestigingen/overzicht?_gl=1*yptrie*_up*MQ..*_gs*MQ..&gclid=CjwKCAiA2svIBhB-EiwARWDPjuYN_7FbQ4zt2MpiTwMMzYofh0JWL7U0rRIHHPjfC9K_75RVnsKeNxoCsA8QAvD_BwE&gclsrc=aw.ds&gbraid=0AAAAADshOIT5HPa_WJY4uuwfdx7sBLTPV","KARWEI Ommen","https://www.karwei.nl/vestigingen/ommen","KARWEI Ommen","Balkerweg 1","OMMEN"
"1762859376-39","https://www.karwei.nl/vestigingen/overzicht?_gl=1*yptrie*_up*MQ..*_gs*MQ..&gclid=CjwKCAiA2svIBhB-EiwARWDPjuYN_7FbQ4zt2MpiTwMMzYofh0JWL7U0rRIHHPjfC9K_75RVnsKeNxoCsA8QAvD_BwE&gclsrc=aw.ds&gbraid=0AAAAADshOIT5HPa_WJY4uuwfdx7sBLTPV","KARWEI Oisterwijk","https://www.karwei.nl/vestigingen/oisterwijk","KARWEI Oisterwijk","Sprendlingenpark 48","OISTERWIJK"
"1762859378-40","https://www.karwei.nl/vestigingen/overzicht?_gl=1*yptrie*_up*MQ..*_gs*MQ..&gclid=CjwKCAiA2svIBhB-EiwARWDPjuYN_7FbQ4zt2MpiTwMMzYofh0JWL7U0rRIHHPjfC9K_75RVnsKeNxoCsA8QAvD_BwE&gclsrc=aw.ds&gbraid=0AAAAADshOIT5HPa_WJY4uuwfdx7sBLTPV","KARWEI Numansdorp","https://www.karwei.nl/vestigingen/numansdorp","KARWEI Numansdorp","Voltastraat 1","NUMANSDORP"
"1762859381-41","https://www.karwei.nl/vestigingen/overzicht?_gl=1*yptrie*_up*MQ..*_gs*MQ..&gclid=CjwKCAiA2svIBhB-EiwARWDPjuYN_7FbQ4zt2MpiTwMMzYofh0JWL7U0rRIHHPjfC9K_75RVnsKeNxoCsA8QAvD_BwE&gclsrc=aw.ds&gbraid=0AAAAADshOIT5HPa_WJY4uuwfdx7sBLTPV","KARWEI Noordwijkerhout","https://www.karwei.nl/vestigingen/noordwijkerhout","KARWEI Noordwijkerhout","Walserij 101","NOORDWIJKERHOUT"
"1762859383-42","https://www.karwei.nl/vestigingen/overzicht?_gl=1*yptrie*_up*MQ..*_gs*MQ..&gclid=CjwKCAiA2svIBhB-EiwARWDPjuYN_7FbQ4zt2MpiTwMMzYofh0JWL7U0rRIHHPjfC9K_75RVnsKeNxoCsA8QAvD_BwE&gclsrc=aw.ds&gbraid=0AAAAADshOIT5HPa_WJY4uuwfdx7sBLTPV","KARWEI Nijmegen","https://www.karwei.nl/vestigingen/nijmegen","KARWEI Nijmegen","Industrieweg 103/A","NIJMEGEN"
"1762859385-43","https://www.karwei.nl/vestigingen/overzicht?_gl=1*yptrie*_up*MQ..*_gs*MQ..&gclid=CjwKCAiA2svIBhB-EiwARWDPjuYN_7FbQ4zt2MpiTwMMzYofh0JWL7U0rRIHHPjfC9K_75RVnsKeNxoCsA8QAvD_BwE&gclsrc=aw.ds&gbraid=0AAAAADshOIT5HPa_WJY4uuwfdx7sBLTPV","KARWEI Nijkerk","https://www.karwei.nl/vestigingen/nijkerk","KARWEI Nijkerk","Watergoorweg 98","NIJKERK"
"1762859387-44","https://www.karwei.nl/vestigingen/overzicht?_gl=1*yptrie*_up*MQ..*_gs*MQ..&gclid=CjwKCAiA2svIBhB-EiwARWDPjuYN_7FbQ4zt2MpiTwMMzYofh0JWL7U0rRIHHPjfC9K_75RVnsKeNxoCsA8QAvD_BwE&gclsrc=aw.ds&gbraid=0AAAAADshOIT5HPa_WJY4uuwfdx7sBLTPV","KARWEI Nieuwegein-Laagraven","https://www.karwei.nl/vestigingen/nieuwegein-laagraven","KARWEI Nieuwegein-Laagraven","Laagraven 63","NIEUWEGEIN"
"1762859389-45","https://www.karwei.nl/vestigingen/overzicht?_gl=1*yptrie*_up*MQ..*_gs*MQ..&gclid=CjwKCAiA2svIBhB-EiwARWDPjuYN_7FbQ4zt2MpiTwMMzYofh0JWL7U0rRIHHPjfC9K_75RVnsKeNxoCsA8QAvD_BwE&gclsrc=aw.ds&gbraid=0AAAAADshOIT5HPa_WJY4uuwfdx7sBLTPV","KARWEI Mijdrecht","https://www.karwei.nl/vestigingen/mijdrecht","KARWEI Mijdrecht","Industrieweg 38","MIJDRECHT"
"1762859392-46","https://www.karwei.nl/vestigingen/overzicht?_gl=1*yptrie*_up*MQ..*_gs*MQ..&gclid=CjwKCAiA2svIBhB-EiwARWDPjuYN_7FbQ4zt2MpiTwMMzYofh0JWL7U0rRIHHPjfC9K_75RVnsKeNxoCsA8QAvD_BwE&gclsrc=aw.ds&gbraid=0AAAAADshOIT5HPa_WJY4uuwfdx7sBLTPV","KARWEI Middelburg","https://www.karwei.nl/vestigingen/middelburg","KARWEI Middelburg","Mortiereboulevard 8","MIDDELBURG"
"1762859394-47","https://www.karwei.nl/vestigingen/overzicht?_gl=1*yptrie*_up*MQ..*_gs*MQ..&gclid=CjwKCAiA2svIBhB-EiwARWDPjuYN_7FbQ4zt2MpiTwMMzYofh0JWL7U0rRIHHPjfC9K_75RVnsKeNxoCsA8QAvD_BwE&gclsrc=aw.ds&gbraid=0AAAAADshOIT5HPa_WJY4uuwfdx7sBLTPV","KARWEI Maastricht-Zuid","https://www.karwei.nl/vestigingen/maastricht-zuid","KARWEI Maastricht-Zuid","Burg. Frans Cortenraadstraat 14","GRONSVELD"
"1762859396-48","https://www.karwei.nl/vestigingen/overzicht?_gl=1*yptrie*_up*MQ..*_gs*MQ..&gclid=CjwKCAiA2svIBhB-EiwARWDPjuYN_7FbQ4zt2MpiTwMMzYofh0JWL7U0rRIHHPjfC9K_75RVnsKeNxoCsA8QAvD_BwE&gclsrc=aw.ds&gbraid=0AAAAADshOIT5HPa_WJY4uuwfdx7sBLTPV","KARWEI Maassluis","https://www.karwei.nl/vestigingen/maassluis","KARWEI Maassluis","Elektraweg 9","MAASSLUIS"
"1762859398-49","https://www.karwei.nl/vestigingen/overzicht?_gl=1*yptrie*_up*MQ..*_gs*MQ..&gclid=CjwKCAiA2svIBhB-EiwARWDPjuYN_7FbQ4zt2MpiTwMMzYofh0JWL7U0rRIHHPjfC9K_75RVnsKeNxoCsA8QAvD_BwE&gclsrc=aw.ds&gbraid=0AAAAADshOIT5HPa_WJY4uuwfdx7sBLTPV","KARWEI Leusden","https://www.karwei.nl/vestigingen/leusden","KARWEI Leusden","Klokhoek 4","LEUSDEN"
"1762859400-50","https://www.karwei.nl/vestigingen/overzicht?_gl=1*yptrie*_up*MQ..*_gs*MQ..&gclid=CjwKCAiA2svIBhB-EiwARWDPjuYN_7FbQ4zt2MpiTwMMzYofh0JWL7U0rRIHHPjfC9K_75RVnsKeNxoCsA8QAvD_BwE&gclsrc=aw.ds&gbraid=0AAAAADshOIT5HPa_WJY4uuwfdx7sBLTPV","KARWEI Lemmer","https://www.karwei.nl/vestigingen/lemmer","KARWEI Lemmer","Houtsaachmole 8","LEMMER"
"1762859403-51","https://www.karwei.nl/vestigingen/overzicht?_gl=1*yptrie*_up*MQ..*_gs*MQ..&gclid=CjwKCAiA2svIBhB-EiwARWDPjuYN_7FbQ4zt2MpiTwMMzYofh0JWL7U0rRIHHPjfC9K_75RVnsKeNxoCsA8QAvD_BwE&gclsrc=aw.ds&gbraid=0AAAAADshOIT5HPa_WJY4uuwfdx7sBLTPV","KARWEI Leeuwarden","https://www.karwei.nl/vestigingen/leeuwarden","KARWEI Leeuwarden","P.J. Troelstraweg 149/A","LEEUWARDEN"
"1762859405-52","https://www.karwei.nl/vestigingen/overzicht?_gl=1*yptrie*_up*MQ..*_gs*MQ..&gclid=CjwKCAiA2svIBhB-EiwARWDPjuYN_7FbQ4zt2MpiTwMMzYofh0JWL7U0rRIHHPjfC9K_75RVnsKeNxoCsA8QAvD_BwE&gclsrc=aw.ds&gbraid=0AAAAADshOIT5HPa_WJY4uuwfdx7sBLTPV","KARWEI Leerdam","https://www.karwei.nl/vestigingen/leerdam","KARWEI Leerdam","Loosdorp 2","LEERDAM"
"1762859407-53","https://www.karwei.nl/vestigingen/overzicht?_gl=1*yptrie*_up*MQ..*_gs*MQ..&gclid=CjwKCAiA2svIBhB-EiwARWDPjuYN_7FbQ4zt2MpiTwMMzYofh0JWL7U0rRIHHPjfC9K_75RVnsKeNxoCsA8QAvD_BwE&gclsrc=aw.ds&gbraid=0AAAAADshOIT5HPa_WJY4uuwfdx7sBLTPV","KARWEI Landgraaf","https://www.karwei.nl/vestigingen/landgraaf","KARWEI Landgraaf","Havikweg 6","LANDGRAAF"
"1762859409-54","https://www.karwei.nl/vestigingen/overzicht?_gl=1*yptrie*_up*MQ..*_gs*MQ..&gclid=CjwKCAiA2svIBhB-EiwARWDPjuYN_7FbQ4zt2MpiTwMMzYofh0JWL7U0rRIHHPjfC9K_75RVnsKeNxoCsA8QAvD_BwE&gclsrc=aw.ds&gbraid=0AAAAADshOIT5HPa_WJY4uuwfdx7sBLTPV","KARWEI Krimpen aan den IJssel","https://www.karwei.nl/vestigingen/krimpen-aan-den-ijssel","KARWEI Krimpen aan den IJssel","IJsseldijk 361","KRIMPEN A/D IJSSEL"
"1762859411-55","https://www.karwei.nl/vestigingen/overzicht?_gl=1*yptrie*_up*MQ..*_gs*MQ..&gclid=CjwKCAiA2svIBhB-EiwARWDPjuYN_7FbQ4zt2MpiTwMMzYofh0JWL7U0rRIHHPjfC9K_75RVnsKeNxoCsA8QAvD_BwE&gclsrc=aw.ds&gbraid=0AAAAADshOIT5HPa_WJY4uuwfdx7sBLTPV","KARWEI Kampen","https://www.karwei.nl/vestigingen/kampen","KARWEI Kampen","Ambachtsstraat 1","KAMPEN"
"1762859414-56","https://www.karwei.nl/vestigingen/overzicht?_gl=1*yptrie*_up*MQ..*_gs*MQ..&gclid=CjwKCAiA2svIBhB-EiwARWDPjuYN_7FbQ4zt2MpiTwMMzYofh0JWL7U0rRIHHPjfC9K_75RVnsKeNxoCsA8QAvD_BwE&gclsrc=aw.ds&gbraid=0AAAAADshOIT5HPa_WJY4uuwfdx7sBLTPV","Webshop KARWEI","https://www.karwei.nl/vestigingen/webshop-karwei","Webshop KARWEI","Storkstraat 2","LEUSDEN"
"1762859416-57","https://www.karwei.nl/vestigingen/overzicht?_gl=1*yptrie*_up*MQ..*_gs*MQ..&gclid=CjwKCAiA2svIBhB-EiwARWDPjuYN_7FbQ4zt2MpiTwMMzYofh0JWL7U0rRIHHPjfC9K_75RVnsKeNxoCsA8QAvD_BwE&gclsrc=aw.ds&gbraid=0AAAAADshOIT5HPa_WJY4uuwfdx7sBLTPV","KARWEI Joure","https://www.karwei.nl/vestigingen/joure","KARWEI Joure","Firmawei 2","JOURE"
"1762859418-58","https://www.karwei.nl/vestigingen/overzicht?_gl=1*yptrie*_up*MQ..*_gs*MQ..&gclid=CjwKCAiA2svIBhB-EiwARWDPjuYN_7FbQ4zt2MpiTwMMzYofh0JWL7U0rRIHHPjfC9K_75RVnsKeNxoCsA8QAvD_BwE&gclsrc=aw.ds&gbraid=0AAAAADshOIT5HPa_WJY4uuwfdx7sBLTPV","KARWEI Hulst","https://www.karwei.nl/vestigingen/hulst","KARWEI Hulst","Stationsplein 26","HULST"
"1762859420-59","https://www.karwei.nl/vestigingen/overzicht?_gl=1*yptrie*_up*MQ..*_gs*MQ..&gclid=CjwKCAiA2svIBhB-EiwARWDPjuYN_7FbQ4zt2MpiTwMMzYofh0JWL7U0rRIHHPjfC9K_75RVnsKeNxoCsA8QAvD_BwE&gclsrc=aw.ds&gbraid=0AAAAADshOIT5HPa_WJY4uuwfdx7sBLTPV","KARWEI Huizen","https://www.karwei.nl/vestigingen/huizen","KARWEI Huizen","Warandebergstraat 45","HUIZEN"
"1762859422-60","https://www.karwei.nl/vestigingen/overzicht?_gl=1*yptrie*_up*MQ..*_gs*MQ..&gclid=CjwKCAiA2svIBhB-EiwARWDPjuYN_7FbQ4zt2MpiTwMMzYofh0JWL7U0rRIHHPjfC9K_75RVnsKeNxoCsA8QAvD_BwE&gclsrc=aw.ds&gbraid=0AAAAADshOIT5HPa_WJY4uuwfdx7sBLTPV","KARWEI Hoorn","https://www.karwei.nl/vestigingen/hoorn","KARWEI Hoorn","De Oude Veiling 85","ZWAAG"
"1762859425-61","https://www.karwei.nl/vestigingen/overzicht?_gl=1*yptrie*_up*MQ..*_gs*MQ..&gclid=CjwKCAiA2svIBhB-EiwARWDPjuYN_7FbQ4zt2MpiTwMMzYofh0JWL7U0rRIHHPjfC9K_75RVnsKeNxoCsA8QAvD_BwE&gclsrc=aw.ds&gbraid=0AAAAADshOIT5HPa_WJY4uuwfdx7sBLTPV","KARWEI Hoogvliet","https://www.karwei.nl/vestigingen/hoogvliet","KARWEI Hoogvliet","Nieuwe Langeweg 30","HOOGVLIET"
"1762859427-62","https://www.karwei.nl/vestigingen/overzicht?_gl=1*yptrie*_up*MQ..*_gs*MQ..&gclid=CjwKCAiA2svIBhB-EiwARWDPjuYN_7FbQ4zt2MpiTwMMzYofh0JWL7U0rRIHHPjfC9K_75RVnsKeNxoCsA8QAvD_BwE&gclsrc=aw.ds&gbraid=0AAAAADshOIT5HPa_WJY4uuwfdx7sBLTPV","KARWEI Hoogeveen","https://www.karwei.nl/vestigingen/hoogeveen","KARWEI Hoogeveen","Groenewegenstraat 11/15","HOOGEVEEN"
"1762859429-63","https://www.karwei.nl/vestigingen/overzicht?_gl=1*yptrie*_up*MQ..*_gs*MQ..&gclid=CjwKCAiA2svIBhB-EiwARWDPjuYN_7FbQ4zt2MpiTwMMzYofh0JWL7U0rRIHHPjfC9K_75RVnsKeNxoCsA8QAvD_BwE&gclsrc=aw.ds&gbraid=0AAAAADshOIT5HPa_WJY4uuwfdx7sBLTPV","KARWEI Hoogerheide","https://www.karwei.nl/vestigingen/hoogerheide","KARWEI Hoogerheide","Middenweg 9","HOOGERHEIDE"
"1762859431-64","https://www.karwei.nl/vestigingen/overzicht?_gl=1*yptrie*_up*MQ..*_gs*MQ..&gclid=CjwKCAiA2svIBhB-EiwARWDPjuYN_7FbQ4zt2MpiTwMMzYofh0JWL7U0rRIHHPjfC9K_75RVnsKeNxoCsA8QAvD_BwE&gclsrc=aw.ds&gbraid=0AAAAADshOIT5HPa_WJY4uuwfdx7sBLTPV","KARWEI Hoofddorp","https://www.karwei.nl/vestigingen/hoofddorp","KARWEI Hoofddorp","Noordmeerstraat 32/36","HOOFDDORP"
"1762859433-65","https://www.karwei.nl/vestigingen/overzicht?_gl=1*yptrie*_up*MQ..*_gs*MQ..&gclid=CjwKCAiA2svIBhB-EiwARWDPjuYN_7FbQ4zt2MpiTwMMzYofh0JWL7U0rRIHHPjfC9K_75RVnsKeNxoCsA8QAvD_BwE&gclsrc=aw.ds&gbraid=0AAAAADshOIT5HPa_WJY4uuwfdx7sBLTPV","KARWEI Hilversum","https://www.karwei.nl/vestigingen/hilversum","KARWEI Hilversum","Tweede Loswal 4","HILVERSUM"
"1762859436-66","https://www.karwei.nl/vestigingen/overzicht?_gl=1*yptrie*_up*MQ..*_gs*MQ..&gclid=CjwKCAiA2svIBhB-EiwARWDPjuYN_7FbQ4zt2MpiTwMMzYofh0JWL7U0rRIHHPjfC9K_75RVnsKeNxoCsA8QAvD_BwE&gclsrc=aw.ds&gbraid=0AAAAADshOIT5HPa_WJY4uuwfdx7sBLTPV","KARWEI Hillegom","https://www.karwei.nl/vestigingen/hillegom","KARWEI Hillegom","Satellietbaan 14","HILLEGOM"
"1762859438-67","https://www.karwei.nl/vestigingen/overzicht?_gl=1*yptrie*_up*MQ..*_gs*MQ..&gclid=CjwKCAiA2svIBhB-EiwARWDPjuYN_7FbQ4zt2MpiTwMMzYofh0JWL7U0rRIHHPjfC9K_75RVnsKeNxoCsA8QAvD_BwE&gclsrc=aw.ds&gbraid=0AAAAADshOIT5HPa_WJY4uuwfdx7sBLTPV","KARWEI Hengelo","https://www.karwei.nl/vestigingen/hengelo","KARWEI Hengelo","Enschedesestraat 127","HENGELO"
"1762859440-68","https://www.karwei.nl/vestigingen/overzicht?_gl=1*yptrie*_up*MQ..*_gs*MQ..&gclid=CjwKCAiA2svIBhB-EiwARWDPjuYN_7FbQ4zt2MpiTwMMzYofh0JWL7U0rRIHHPjfC9K_75RVnsKeNxoCsA8QAvD_BwE&gclsrc=aw.ds&gbraid=0AAAAADshOIT5HPa_WJY4uuwfdx7sBLTPV","KARWEI Hendrik Ido Ambacht","https://www.karwei.nl/vestigingen/hendrik-ido-ambacht","KARWEI Hendrik Ido Ambacht","Noordeinde 200","HENDRIK IDO AMBACHT"
"1762859442-69","https://www.karwei.nl/vestigingen/overzicht?_gl=1*yptrie*_up*MQ..*_gs*MQ..&gclid=CjwKCAiA2svIBhB-EiwARWDPjuYN_7FbQ4zt2MpiTwMMzYofh0JWL7U0rRIHHPjfC9K_75RVnsKeNxoCsA8QAvD_BwE&gclsrc=aw.ds&gbraid=0AAAAADshOIT5HPa_WJY4uuwfdx7sBLTPV","KARWEI Helmond","https://www.karwei.nl/vestigingen/helmond","KARWEI Helmond","Engelseweg 217","HELMOND"
"1762859444-70","https://www.karwei.nl/vestigingen/overzicht?_gl=1*yptrie*_up*MQ..*_gs*MQ..&gclid=CjwKCAiA2svIBhB-EiwARWDPjuYN_7FbQ4zt2MpiTwMMzYofh0JWL7U0rRIHHPjfC9K_75RVnsKeNxoCsA8QAvD_BwE&gclsrc=aw.ds&gbraid=0AAAAADshOIT5HPa_WJY4uuwfdx7sBLTPV","KARWEI Heiloo","https://www.karwei.nl/vestigingen/heiloo","KARWEI Heiloo","De Hoefsmid 2","HEILOO"
"1762859447-71","https://www.karwei.nl/vestigingen/overzicht?_gl=1*yptrie*_up*MQ..*_gs*MQ..&gclid=CjwKCAiA2svIBhB-EiwARWDPjuYN_7FbQ4zt2MpiTwMMzYofh0JWL7U0rRIHHPjfC9K_75RVnsKeNxoCsA8QAvD_BwE&gclsrc=aw.ds&gbraid=0AAAAADshOIT5HPa_WJY4uuwfdx7sBLTPV","KARWEI Heesch","https://www.karwei.nl/vestigingen/heesch","KARWEI Heesch","Cereslaan 9","HEESCH"
"1762859449-72","https://www.karwei.nl/vestigingen/overzicht?_gl=1*yptrie*_up*MQ..*_gs*MQ..&gclid=CjwKCAiA2svIBhB-EiwARWDPjuYN_7FbQ4zt2MpiTwMMzYofh0JWL7U0rRIHHPjfC9K_75RVnsKeNxoCsA8QAvD_BwE&gclsrc=aw.ds&gbraid=0AAAAADshOIT5HPa_WJY4uuwfdx7sBLTPV","KARWEI Heerenveen","https://www.karwei.nl/vestigingen/heerenveen","KARWEI Heerenveen","Houtdraaier 1","HEERENVEEN"
"1762859451-73","https://www.karwei.nl/vestigingen/overzicht?_gl=1*yptrie*_up*MQ..*_gs*MQ..&gclid=CjwKCAiA2svIBhB-EiwARWDPjuYN_7FbQ4zt2MpiTwMMzYofh0JWL7U0rRIHHPjfC9K_75RVnsKeNxoCsA8QAvD_BwE&gclsrc=aw.ds&gbraid=0AAAAADshOIT5HPa_WJY4uuwfdx7sBLTPV","KARWEI Harderwijk","https://www.karwei.nl/vestigingen/harderwijk","KARWEI Harderwijk","Zuiderbreedte 17","HARDERWIJK"
"1762859453-74","https://www.karwei.nl/vestigingen/overzicht?_gl=1*yptrie*_up*MQ..*_gs*MQ..&gclid=CjwKCAiA2svIBhB-EiwARWDPjuYN_7FbQ4zt2MpiTwMMzYofh0JWL7U0rRIHHPjfC9K_75RVnsKeNxoCsA8QAvD_BwE&gclsrc=aw.ds&gbraid=0AAAAADshOIT5HPa_WJY4uuwfdx7sBLTPV","KARWEI Haarlem-Zuid","https://www.karwei.nl/vestigingen/haarlem-zuid","KARWEI Haarlem-Zuid","Eysinkweg 63/65","HAARLEM"
"1762859455-75","https://www.karwei.nl/vestigingen/overzicht?_gl=1*yptrie*_up*MQ..*_gs*MQ..&gclid=CjwKCAiA2svIBhB-EiwARWDPjuYN_7FbQ4zt2MpiTwMMzYofh0JWL7U0rRIHHPjfC9K_75RVnsKeNxoCsA8QAvD_BwE&gclsrc=aw.ds&gbraid=0AAAAADshOIT5HPa_WJY4uuwfdx7sBLTPV","KARWEI Haarlem","https://www.karwei.nl/vestigingen/haarlem","KARWEI Haarlem","Verspronckweg 63/A","HAARLEM"
"1762859458-76","https://www.karwei.nl/vestigingen/overzicht?_gl=1*yptrie*_up*MQ..*_gs*MQ..&gclid=CjwKCAiA2svIBhB-EiwARWDPjuYN_7FbQ4zt2MpiTwMMzYofh0JWL7U0rRIHHPjfC9K_75RVnsKeNxoCsA8QAvD_BwE&gclsrc=aw.ds&gbraid=0AAAAADshOIT5HPa_WJY4uuwfdx7sBLTPV","KARWEI Groningen-Peizerweg","https://www.karwei.nl/vestigingen/groningen-peizerweg","KARWEI Groningen-Peizerweg","Peizerweg 86","GRONINGEN"
"1762859460-77","https://www.karwei.nl/vestigingen/overzicht?_gl=1*yptrie*_up*MQ..*_gs*MQ..&gclid=CjwKCAiA2svIBhB-EiwARWDPjuYN_7FbQ4zt2MpiTwMMzYofh0JWL7U0rRIHHPjfC9K_75RVnsKeNxoCsA8QAvD_BwE&gclsrc=aw.ds&gbraid=0AAAAADshOIT5HPa_WJY4uuwfdx7sBLTPV","KARWEI Groesbeek","https://www.karwei.nl/vestigingen/groesbeek","KARWEI Groesbeek","Ambachtsweg 24","GROESBEEK"
"1762859462-78","https://www.karwei.nl/vestigingen/overzicht?_gl=1*yptrie*_up*MQ..*_gs*MQ..&gclid=CjwKCAiA2svIBhB-EiwARWDPjuYN_7FbQ4zt2MpiTwMMzYofh0JWL7U0rRIHHPjfC9K_75RVnsKeNxoCsA8QAvD_BwE&gclsrc=aw.ds&gbraid=0AAAAADshOIT5HPa_WJY4uuwfdx7sBLTPV","KARWEI Gouda","https://www.karwei.nl/vestigingen/gouda","KARWEI Gouda","Marconistraat 121","GOUDA"
"1762859465-79","https://www.karwei.nl/vestigingen/overzicht?_gl=1*yptrie*_up*MQ..*_gs*MQ..&gclid=CjwKCAiA2svIBhB-EiwARWDPjuYN_7FbQ4zt2MpiTwMMzYofh0JWL7U0rRIHHPjfC9K_75RVnsKeNxoCsA8QAvD_BwE&gclsrc=aw.ds&gbraid=0AAAAADshOIT5HPa_WJY4uuwfdx7sBLTPV","KARWEI Gorinchem","https://www.karwei.nl/vestigingen/gorinchem","KARWEI Gorinchem","Nieuwe Wolpherensedijk 5","GORINCHEM"
"1762859467-80","https://www.karwei.nl/vestigingen/overzicht?_gl=1*yptrie*_up*MQ..*_gs*MQ..&gclid=CjwKCAiA2svIBhB-EiwARWDPjuYN_7FbQ4zt2MpiTwMMzYofh0JWL7U0rRIHHPjfC9K_75RVnsKeNxoCsA8QAvD_BwE&gclsrc=aw.ds&gbraid=0AAAAADshOIT5HPa_WJY4uuwfdx7sBLTPV","KARWEI Goor","https://www.karwei.nl/vestigingen/goor","KARWEI Goor","Mossendamsdwarsweg 6","GOOR"
"1762859469-81","https://www.karwei.nl/vestigingen/overzicht?_gl=1*yptrie*_up*MQ..*_gs*MQ..&gclid=CjwKCAiA2svIBhB-EiwARWDPjuYN_7FbQ4zt2MpiTwMMzYofh0JWL7U0rRIHHPjfC9K_75RVnsKeNxoCsA8QAvD_BwE&gclsrc=aw.ds&gbraid=0AAAAADshOIT5HPa_WJY4uuwfdx7sBLTPV","KARWEI Goirle","https://www.karwei.nl/vestigingen/goirle","KARWEI Goirle","Wim Rötherlaan 14","GOIRLE"
"1762859471-82","https://www.karwei.nl/vestigingen/overzicht?_gl=1*yptrie*_up*MQ..*_gs*MQ..&gclid=CjwKCAiA2svIBhB-EiwARWDPjuYN_7FbQ4zt2MpiTwMMzYofh0JWL7U0rRIHHPjfC9K_75RVnsKeNxoCsA8QAvD_BwE&gclsrc=aw.ds&gbraid=0AAAAADshOIT5HPa_WJY4uuwfdx7sBLTPV","KARWEI Gemert","https://www.karwei.nl/vestigingen/gemert","KARWEI Gemert","Industrieweg 50","GEMERT"
"1762859474-83","https://www.karwei.nl/vestigingen/overzicht?_gl=1*yptrie*_up*MQ..*_gs*MQ..&gclid=CjwKCAiA2svIBhB-EiwARWDPjuYN_7FbQ4zt2MpiTwMMzYofh0JWL7U0rRIHHPjfC9K_75RVnsKeNxoCsA8QAvD_BwE&gclsrc=aw.ds&gbraid=0AAAAADshOIT5HPa_WJY4uuwfdx7sBLTPV","KARWEI Franeker","https://www.karwei.nl/vestigingen/franeker","KARWEI Franeker","Edisonstraat 16","FRANEKER"
"1762859476-84","https://www.karwei.nl/vestigingen/overzicht?_gl=1*yptrie*_up*MQ..*_gs*MQ..&gclid=CjwKCAiA2svIBhB-EiwARWDPjuYN_7FbQ4zt2MpiTwMMzYofh0JWL7U0rRIHHPjfC9K_75RVnsKeNxoCsA8QAvD_BwE&gclsrc=aw.ds&gbraid=0AAAAADshOIT5HPa_WJY4uuwfdx7sBLTPV","KARWEI Etten-Leur","https://www.karwei.nl/vestigingen/etten-leur","KARWEI Etten-Leur","Munnikenheiweg 53","ETTEN-LEUR"
"1762859478-85","https://www.karwei.nl/vestigingen/overzicht?_gl=1*yptrie*_up*MQ..*_gs*MQ..&gclid=CjwKCAiA2svIBhB-EiwARWDPjuYN_7FbQ4zt2MpiTwMMzYofh0JWL7U0rRIHHPjfC9K_75RVnsKeNxoCsA8QAvD_BwE&gclsrc=aw.ds&gbraid=0AAAAADshOIT5HPa_WJY4uuwfdx7sBLTPV","KARWEI Enschede-West","https://www.karwei.nl/vestigingen/enschede-west","KARWEI Enschede-West","Tubantiasingel 1/A","ENSCHEDE"
"1762859480-86","https://www.karwei.nl/vestigingen/overzicht?_gl=1*yptrie*_up*MQ..*_gs*MQ..&gclid=CjwKCAiA2svIBhB-EiwARWDPjuYN_7FbQ4zt2MpiTwMMzYofh0JWL7U0rRIHHPjfC9K_75RVnsKeNxoCsA8QAvD_BwE&gclsrc=aw.ds&gbraid=0AAAAADshOIT5HPa_WJY4uuwfdx7sBLTPV","KARWEI Enkhuizen","https://www.karwei.nl/vestigingen/enkhuizen","KARWEI Enkhuizen","De Dolfijn 5","ENKHUIZEN"
"1762859482-87","https://www.karwei.nl/vestigingen/overzicht?_gl=1*yptrie*_up*MQ..*_gs*MQ..&gclid=CjwKCAiA2svIBhB-EiwARWDPjuYN_7FbQ4zt2MpiTwMMzYofh0JWL7U0rRIHHPjfC9K_75RVnsKeNxoCsA8QAvD_BwE&gclsrc=aw.ds&gbraid=0AAAAADshOIT5HPa_WJY4uuwfdx7sBLTPV","KARWEI Emmen","https://www.karwei.nl/vestigingen/emmen","KARWEI Emmen","Nijbracht 55","EMMEN"
"1762859485-88","https://www.karwei.nl/vestigingen/overzicht?_gl=1*yptrie*_up*MQ..*_gs*MQ..&gclid=CjwKCAiA2svIBhB-EiwARWDPjuYN_7FbQ4zt2MpiTwMMzYofh0JWL7U0rRIHHPjfC9K_75RVnsKeNxoCsA8QAvD_BwE&gclsrc=aw.ds&gbraid=0AAAAADshOIT5HPa_WJY4uuwfdx7sBLTPV","KARWEI Emmeloord","https://www.karwei.nl/vestigingen/emmeloord","KARWEI Emmeloord","Traktieweg 14","EMMELOORD"
"1762859487-89","https://www.karwei.nl/vestigingen/overzicht?_gl=1*yptrie*_up*MQ..*_gs*MQ..&gclid=CjwKCAiA2svIBhB-EiwARWDPjuYN_7FbQ4zt2MpiTwMMzYofh0JWL7U0rRIHHPjfC9K_75RVnsKeNxoCsA8QAvD_BwE&gclsrc=aw.ds&gbraid=0AAAAADshOIT5HPa_WJY4uuwfdx7sBLTPV","KARWEI Elsloo-Stein","https://www.karwei.nl/vestigingen/elsloo-stein","KARWEI Elsloo-Stein","Sanderboutlaan 13","ELSLOO"
"1762859489-90","https://www.karwei.nl/vestigingen/overzicht?_gl=1*yptrie*_up*MQ..*_gs*MQ..&gclid=CjwKCAiA2svIBhB-EiwARWDPjuYN_7FbQ4zt2MpiTwMMzYofh0JWL7U0rRIHHPjfC9K_75RVnsKeNxoCsA8QAvD_BwE&gclsrc=aw.ds&gbraid=0AAAAADshOIT5HPa_WJY4uuwfdx7sBLTPV","KARWEI Eindhoven","https://www.karwei.nl/vestigingen/eindhoven","KARWEI Eindhoven","Ruysdaelbaan 11","EINDHOVEN"
"1762859491-91","https://www.karwei.nl/vestigingen/overzicht?_gl=1*yptrie*_up*MQ..*_gs*MQ..&gclid=CjwKCAiA2svIBhB-EiwARWDPjuYN_7FbQ4zt2MpiTwMMzYofh0JWL7U0rRIHHPjfC9K_75RVnsKeNxoCsA8QAvD_BwE&gclsrc=aw.ds&gbraid=0AAAAADshOIT5HPa_WJY4uuwfdx7sBLTPV","KARWEI Eibergen","https://www.karwei.nl/vestigingen/eibergen","KARWEI Eibergen","Kiefte 6","EIBERGEN"
"1762859494-92","https://www.karwei.nl/vestigingen/overzicht?_gl=1*yptrie*_up*MQ..*_gs*MQ..&gclid=CjwKCAiA2svIBhB-EiwARWDPjuYN_7FbQ4zt2MpiTwMMzYofh0JWL7U0rRIHHPjfC9K_75RVnsKeNxoCsA8QAvD_BwE&gclsrc=aw.ds&gbraid=0AAAAADshOIT5HPa_WJY4uuwfdx7sBLTPV","KARWEI Ede","https://www.karwei.nl/vestigingen/ede","KARWEI Ede","Lorentzstraat 1/A","EDE"
"1762859496-93","https://www.karwei.nl/vestigingen/overzicht?_gl=1*yptrie*_up*MQ..*_gs*MQ..&gclid=CjwKCAiA2svIBhB-EiwARWDPjuYN_7FbQ4zt2MpiTwMMzYofh0JWL7U0rRIHHPjfC9K_75RVnsKeNxoCsA8QAvD_BwE&gclsrc=aw.ds&gbraid=0AAAAADshOIT5HPa_WJY4uuwfdx7sBLTPV","KARWEI Druten","https://www.karwei.nl/vestigingen/druten","KARWEI Druten","Energieweg 80","DRUTEN"
"1762859498-94","https://www.karwei.nl/vestigingen/overzicht?_gl=1*yptrie*_up*MQ..*_gs*MQ..&gclid=CjwKCAiA2svIBhB-EiwARWDPjuYN_7FbQ4zt2MpiTwMMzYofh0JWL7U0rRIHHPjfC9K_75RVnsKeNxoCsA8QAvD_BwE&gclsrc=aw.ds&gbraid=0AAAAADshOIT5HPa_WJY4uuwfdx7sBLTPV","KARWEI Drachten","https://www.karwei.nl/vestigingen/drachten","KARWEI Drachten","Florijn 2","DRACHTEN"
"1762859500-95","https://www.karwei.nl/vestigingen/overzicht?_gl=1*yptrie*_up*MQ..*_gs*MQ..&gclid=CjwKCAiA2svIBhB-EiwARWDPjuYN_7FbQ4zt2MpiTwMMzYofh0JWL7U0rRIHHPjfC9K_75RVnsKeNxoCsA8QAvD_BwE&gclsrc=aw.ds&gbraid=0AAAAADshOIT5HPa_WJY4uuwfdx7sBLTPV","KARWEI Dordrecht","https://www.karwei.nl/vestigingen/dordrecht","KARWEI Dordrecht","Vissersdijk Beneden 60","DORDRECHT"
"1762859502-96","https://www.karwei.nl/vestigingen/overzicht?_gl=1*yptrie*_up*MQ..*_gs*MQ..&gclid=CjwKCAiA2svIBhB-EiwARWDPjuYN_7FbQ4zt2MpiTwMMzYofh0JWL7U0rRIHHPjfC9K_75RVnsKeNxoCsA8QAvD_BwE&gclsrc=aw.ds&gbraid=0AAAAADshOIT5HPa_WJY4uuwfdx7sBLTPV","KARWEI Dongen","https://www.karwei.nl/vestigingen/dongen","KARWEI Dongen","De Hak 15","DONGEN"
"1762859505-97","https://www.karwei.nl/vestigingen/overzicht?_gl=1*yptrie*_up*MQ..*_gs*MQ..&gclid=CjwKCAiA2svIBhB-EiwARWDPjuYN_7FbQ4zt2MpiTwMMzYofh0JWL7U0rRIHHPjfC9K_75RVnsKeNxoCsA8QAvD_BwE&gclsrc=aw.ds&gbraid=0AAAAADshOIT5HPa_WJY4uuwfdx7sBLTPV","KARWEI Dokkum","https://www.karwei.nl/vestigingen/dokkum","KARWEI Dokkum","Zuiderschans 5","DOKKUM"
"1762859507-98","https://www.karwei.nl/vestigingen/overzicht?_gl=1*yptrie*_up*MQ..*_gs*MQ..&gclid=CjwKCAiA2svIBhB-EiwARWDPjuYN_7FbQ4zt2MpiTwMMzYofh0JWL7U0rRIHHPjfC9K_75RVnsKeNxoCsA8QAvD_BwE&gclsrc=aw.ds&gbraid=0AAAAADshOIT5HPa_WJY4uuwfdx7sBLTPV","KARWEI Doetinchem","https://www.karwei.nl/vestigingen/doetinchem","KARWEI Doetinchem","Varsseveldseweg 113","DOETINCHEM"
"1762859509-99","https://www.karwei.nl/vestigingen/overzicht?_gl=1*yptrie*_up*MQ..*_gs*MQ..&gclid=CjwKCAiA2svIBhB-EiwARWDPjuYN_7FbQ4zt2MpiTwMMzYofh0JWL7U0rRIHHPjfC9K_75RVnsKeNxoCsA8QAvD_BwE&gclsrc=aw.ds&gbraid=0AAAAADshOIT5HPa_WJY4uuwfdx7sBLTPV","KARWEI Deventer","https://www.karwei.nl/vestigingen/deventer","KARWEI Deventer","Keizer Karellaan 2/A","DEVENTER"
"1762859511-100","https://www.karwei.nl/vestigingen/overzicht?_gl=1*yptrie*_up*MQ..*_gs*MQ..&gclid=CjwKCAiA2svIBhB-EiwARWDPjuYN_7FbQ4zt2MpiTwMMzYofh0JWL7U0rRIHHPjfC9K_75RVnsKeNxoCsA8QAvD_BwE&gclsrc=aw.ds&gbraid=0AAAAADshOIT5HPa_WJY4uuwfdx7sBLTPV","KARWEI Den Haag-Haagse Markt","https://www.karwei.nl/vestigingen/den-haag-haagse-markt","KARWEI Den Haag-Haagse Markt","Uitenhagestraat 87","DEN HAAG"
"1762859513-101","https://www.karwei.nl/vestigingen/overzicht?_gl=1*yptrie*_up*MQ..*_gs*MQ..&gclid=CjwKCAiA2svIBhB-EiwARWDPjuYN_7FbQ4zt2MpiTwMMzYofh0JWL7U0rRIHHPjfC9K_75RVnsKeNxoCsA8QAvD_BwE&gclsrc=aw.ds&gbraid=0AAAAADshOIT5HPa_WJY4uuwfdx7sBLTPV","KARWEI Den Bosch-West","https://www.karwei.nl/vestigingen/den-bosch-west","KARWEI Den Bosch-West","Helftheuvelweg 7","DEN BOSCH"
"1762859516-102","https://www.karwei.nl/vestigingen/overzicht?_gl=1*yptrie*_up*MQ..*_gs*MQ..&gclid=CjwKCAiA2svIBhB-EiwARWDPjuYN_7FbQ4zt2MpiTwMMzYofh0JWL7U0rRIHHPjfC9K_75RVnsKeNxoCsA8QAvD_BwE&gclsrc=aw.ds&gbraid=0AAAAADshOIT5HPa_WJY4uuwfdx7sBLTPV","KARWEI Delfzijl","https://www.karwei.nl/vestigingen/delfzijl","KARWEI Delfzijl","Borgweg 161/a","FARMSUM"
"1762859518-103","https://www.karwei.nl/vestigingen/overzicht?_gl=1*yptrie*_up*MQ..*_gs*MQ..&gclid=CjwKCAiA2svIBhB-EiwARWDPjuYN_7FbQ4zt2MpiTwMMzYofh0JWL7U0rRIHHPjfC9K_75RVnsKeNxoCsA8QAvD_BwE&gclsrc=aw.ds&gbraid=0AAAAADshOIT5HPa_WJY4uuwfdx7sBLTPV","KARWEI Delfgauw","https://www.karwei.nl/vestigingen/delfgauw","KARWEI Delfgauw","Importweg 2","DELFGAUW"
"1762859520-104","https://www.karwei.nl/vestigingen/overzicht?_gl=1*yptrie*_up*MQ..*_gs*MQ..&gclid=CjwKCAiA2svIBhB-EiwARWDPjuYN_7FbQ4zt2MpiTwMMzYofh0JWL7U0rRIHHPjfC9K_75RVnsKeNxoCsA8QAvD_BwE&gclsrc=aw.ds&gbraid=0AAAAADshOIT5HPa_WJY4uuwfdx7sBLTPV","KARWEI Cuijk","https://www.karwei.nl/vestigingen/cuijk","KARWEI Cuijk","Beversestraat 22","CUIJK"
"1762859522-105","https://www.karwei.nl/vestigingen/overzicht?_gl=1*yptrie*_up*MQ..*_gs*MQ..&gclid=CjwKCAiA2svIBhB-EiwARWDPjuYN_7FbQ4zt2MpiTwMMzYofh0JWL7U0rRIHHPjfC9K_75RVnsKeNxoCsA8QAvD_BwE&gclsrc=aw.ds&gbraid=0AAAAADshOIT5HPa_WJY4uuwfdx7sBLTPV","KARWEI Coevorden","https://www.karwei.nl/vestigingen/coevorden","KARWEI Coevorden","Monierweg 2/a","COEVORDEN"
"1762859525-106","https://www.karwei.nl/vestigingen/overzicht?_gl=1*yptrie*_up*MQ..*_gs*MQ..&gclid=CjwKCAiA2svIBhB-EiwARWDPjuYN_7FbQ4zt2MpiTwMMzYofh0JWL7U0rRIHHPjfC9K_75RVnsKeNxoCsA8QAvD_BwE&gclsrc=aw.ds&gbraid=0AAAAADshOIT5HPa_WJY4uuwfdx7sBLTPV","KARWEI Capelle aan den IJssel","https://www.karwei.nl/vestigingen/capelle-aan-den-ijssel","KARWEI Capelle aan den IJssel","Hoofdweg 11","CAPELLE AAN DEN IJSSEL"
"1762859527-107","https://www.karwei.nl/vestigingen/overzicht?_gl=1*yptrie*_up*MQ..*_gs*MQ..&gclid=CjwKCAiA2svIBhB-EiwARWDPjuYN_7FbQ4zt2MpiTwMMzYofh0JWL7U0rRIHHPjfC9K_75RVnsKeNxoCsA8QAvD_BwE&gclsrc=aw.ds&gbraid=0AAAAADshOIT5HPa_WJY4uuwfdx7sBLTPV","KARWEI Bussum","https://www.karwei.nl/vestigingen/bussum","KARWEI Bussum","De Nieuwe Vaart 4/18","BUSSUM"
"1762859529-108","https://www.karwei.nl/vestigingen/overzicht?_gl=1*yptrie*_up*MQ..*_gs*MQ..&gclid=CjwKCAiA2svIBhB-EiwARWDPjuYN_7FbQ4zt2MpiTwMMzYofh0JWL7U0rRIHHPjfC9K_75RVnsKeNxoCsA8QAvD_BwE&gclsrc=aw.ds&gbraid=0AAAAADshOIT5HPa_WJY4uuwfdx7sBLTPV","KARWEI Burgum","https://www.karwei.nl/vestigingen/burgum","KARWEI Burgum","Elingsloane 6","BURGUM"
"1762859531-109","https://www.karwei.nl/vestigingen/overzicht?_gl=1*yptrie*_up*MQ..*_gs*MQ..&gclid=CjwKCAiA2svIBhB-EiwARWDPjuYN_7FbQ4zt2MpiTwMMzYofh0JWL7U0rRIHHPjfC9K_75RVnsKeNxoCsA8QAvD_BwE&gclsrc=aw.ds&gbraid=0AAAAADshOIT5HPa_WJY4uuwfdx7sBLTPV","KARWEI Broek op Langedijk","https://www.karwei.nl/vestigingen/broek-op-langedijk","KARWEI Broek op Langedijk","Middelmoot 10","BROEK OP LANGEDIJK"
"1762859533-110","https://www.karwei.nl/vestigingen/overzicht?_gl=1*yptrie*_up*MQ..*_gs*MQ..&gclid=CjwKCAiA2svIBhB-EiwARWDPjuYN_7FbQ4zt2MpiTwMMzYofh0JWL7U0rRIHHPjfC9K_75RVnsKeNxoCsA8QAvD_BwE&gclsrc=aw.ds&gbraid=0AAAAADshOIT5HPa_WJY4uuwfdx7sBLTPV","KARWEI Breda-Oost","https://www.karwei.nl/vestigingen/breda-oost","KARWEI Breda-Oost","Takkebijsters 57","BREDA"
"1762859535-111","https://www.karwei.nl/vestigingen/overzicht?_gl=1*yptrie*_up*MQ..*_gs*MQ..&gclid=CjwKCAiA2svIBhB-EiwARWDPjuYN_7FbQ4zt2MpiTwMMzYofh0JWL7U0rRIHHPjfC9K_75RVnsKeNxoCsA8QAvD_BwE&gclsrc=aw.ds&gbraid=0AAAAADshOIT5HPa_WJY4uuwfdx7sBLTPV","KARWEI Boskoop","https://www.karwei.nl/vestigingen/boskoop","KARWEI Boskoop","Westpark 1","BOSKOOP"
"1762859538-112","https://www.karwei.nl/vestigingen/overzicht?_gl=1*yptrie*_up*MQ..*_gs*MQ..&gclid=CjwKCAiA2svIBhB-EiwARWDPjuYN_7FbQ4zt2MpiTwMMzYofh0JWL7U0rRIHHPjfC9K_75RVnsKeNxoCsA8QAvD_BwE&gclsrc=aw.ds&gbraid=0AAAAADshOIT5HPa_WJY4uuwfdx7sBLTPV","KARWEI Bolsward","https://www.karwei.nl/vestigingen/bolsward","KARWEI Bolsward","De Marne 102","BOLSWARD"
"1762859540-113","https://www.karwei.nl/vestigingen/overzicht?_gl=1*yptrie*_up*MQ..*_gs*MQ..&gclid=CjwKCAiA2svIBhB-EiwARWDPjuYN_7FbQ4zt2MpiTwMMzYofh0JWL7U0rRIHHPjfC9K_75RVnsKeNxoCsA8QAvD_BwE&gclsrc=aw.ds&gbraid=0AAAAADshOIT5HPa_WJY4uuwfdx7sBLTPV","KARWEI Bodegraven","https://www.karwei.nl/vestigingen/bodegraven","KARWEI Bodegraven","Lemsteraak 2","BODEGRAVEN"
"1762859542-114","https://www.karwei.nl/vestigingen/overzicht?_gl=1*yptrie*_up*MQ..*_gs*MQ..&gclid=CjwKCAiA2svIBhB-EiwARWDPjuYN_7FbQ4zt2MpiTwMMzYofh0JWL7U0rRIHHPjfC9K_75RVnsKeNxoCsA8QAvD_BwE&gclsrc=aw.ds&gbraid=0AAAAADshOIT5HPa_WJY4uuwfdx7sBLTPV","KARWEI Beverwijk","https://www.karwei.nl/vestigingen/beverwijk","KARWEI Beverwijk","Parallelweg 134","BEVERWIJK"
"1762859544-115","https://www.karwei.nl/vestigingen/overzicht?_gl=1*yptrie*_up*MQ..*_gs*MQ..&gclid=CjwKCAiA2svIBhB-EiwARWDPjuYN_7FbQ4zt2MpiTwMMzYofh0JWL7U0rRIHHPjfC9K_75RVnsKeNxoCsA8QAvD_BwE&gclsrc=aw.ds&gbraid=0AAAAADshOIT5HPa_WJY4uuwfdx7sBLTPV","KARWEI Best","https://www.karwei.nl/vestigingen/best","KARWEI Best","Ncb-Weg 4","BEST"
"1762859547-116","https://www.karwei.nl/vestigingen/overzicht?_gl=1*yptrie*_up*MQ..*_gs*MQ..&gclid=CjwKCAiA2svIBhB-EiwARWDPjuYN_7FbQ4zt2MpiTwMMzYofh0JWL7U0rRIHHPjfC9K_75RVnsKeNxoCsA8QAvD_BwE&gclsrc=aw.ds&gbraid=0AAAAADshOIT5HPa_WJY4uuwfdx7sBLTPV","KARWEI Berkel en Rodenrijs","https://www.karwei.nl/vestigingen/berkel-en-rodenrijs","KARWEI Berkel en Rodenrijs","Berkelse Poort 1","BERKEL EN RODENRIJS"
"1762859549-117","https://www.karwei.nl/vestigingen/overzicht?_gl=1*yptrie*_up*MQ..*_gs*MQ..&gclid=CjwKCAiA2svIBhB-EiwARWDPjuYN_7FbQ4zt2MpiTwMMzYofh0JWL7U0rRIHHPjfC9K_75RVnsKeNxoCsA8QAvD_BwE&gclsrc=aw.ds&gbraid=0AAAAADshOIT5HPa_WJY4uuwfdx7sBLTPV","KARWEI Bergen op Zoom","https://www.karwei.nl/vestigingen/bergen-op-zoom","KARWEI Bergen op Zoom","Drebbelstraat 42","BERGEN OP ZOOM"
"1762859551-118","https://www.karwei.nl/vestigingen/overzicht?_gl=1*yptrie*_up*MQ..*_gs*MQ..&gclid=CjwKCAiA2svIBhB-EiwARWDPjuYN_7FbQ4zt2MpiTwMMzYofh0JWL7U0rRIHHPjfC9K_75RVnsKeNxoCsA8QAvD_BwE&gclsrc=aw.ds&gbraid=0AAAAADshOIT5HPa_WJY4uuwfdx7sBLTPV","KARWEI Barneveld","https://www.karwei.nl/vestigingen/barneveld","KARWEI Barneveld","V Zuylen van Nieveltlaan 45","BARNEVELD"
"1762859553-119","https://www.karwei.nl/vestigingen/overzicht?_gl=1*yptrie*_up*MQ..*_gs*MQ..&gclid=CjwKCAiA2svIBhB-EiwARWDPjuYN_7FbQ4zt2MpiTwMMzYofh0JWL7U0rRIHHPjfC9K_75RVnsKeNxoCsA8QAvD_BwE&gclsrc=aw.ds&gbraid=0AAAAADshOIT5HPa_WJY4uuwfdx7sBLTPV","KARWEI Barendrecht-Reijerwaard","https://www.karwei.nl/vestigingen/barendrecht-reijerwaard","KARWEI Barendrecht-Reijerwaard","Lorentzweg 4","BARENDRECHT"
"1762859555-120","https://www.karwei.nl/vestigingen/overzicht?_gl=1*yptrie*_up*MQ..*_gs*MQ..&gclid=CjwKCAiA2svIBhB-EiwARWDPjuYN_7FbQ4zt2MpiTwMMzYofh0JWL7U0rRIHHPjfC9K_75RVnsKeNxoCsA8QAvD_BwE&gclsrc=aw.ds&gbraid=0AAAAADshOIT5HPa_WJY4uuwfdx7sBLTPV","KARWEI Barendrecht-Carnisse","https://www.karwei.nl/vestigingen/barendrecht-carnisse","KARWEI Barendrecht-Carnisse","Rostock 3","BARENDRECHT"
"1762859558-121","https://www.karwei.nl/vestigingen/overzicht?_gl=1*yptrie*_up*MQ..*_gs*MQ..&gclid=CjwKCAiA2svIBhB-EiwARWDPjuYN_7FbQ4zt2MpiTwMMzYofh0JWL7U0rRIHHPjfC9K_75RVnsKeNxoCsA8QAvD_BwE&gclsrc=aw.ds&gbraid=0AAAAADshOIT5HPa_WJY4uuwfdx7sBLTPV","KARWEI Assen","https://www.karwei.nl/vestigingen/assen","KARWEI Assen","Zeilmakerstraat 16","ASSEN"
"1762859560-122","https://www.karwei.nl/vestigingen/overzicht?_gl=1*yptrie*_up*MQ..*_gs*MQ..&gclid=CjwKCAiA2svIBhB-EiwARWDPjuYN_7FbQ4zt2MpiTwMMzYofh0JWL7U0rRIHHPjfC9K_75RVnsKeNxoCsA8QAvD_BwE&gclsrc=aw.ds&gbraid=0AAAAADshOIT5HPa_WJY4uuwfdx7sBLTPV","KARWEI Arnhem-IJsseloord","https://www.karwei.nl/vestigingen/arnhem-ijsseloord","KARWEI Arnhem-IJsseloord","Delta 131","ARNHEM"
"1762859562-123","https://www.karwei.nl/vestigingen/overzicht?_gl=1*yptrie*_up*MQ..*_gs*MQ..&gclid=CjwKCAiA2svIBhB-EiwARWDPjuYN_7FbQ4zt2MpiTwMMzYofh0JWL7U0rRIHHPjfC9K_75RVnsKeNxoCsA8QAvD_BwE&gclsrc=aw.ds&gbraid=0AAAAADshOIT5HPa_WJY4uuwfdx7sBLTPV","KARWEI Apeldoorn-Noord","https://www.karwei.nl/vestigingen/apeldoorn-noord","KARWEI Apeldoorn-Noord","Laan van de Dierenriem 52","APELDOORN"
"1762859564-124","https://www.karwei.nl/vestigingen/overzicht?_gl=1*yptrie*_up*MQ..*_gs*MQ..&gclid=CjwKCAiA2svIBhB-EiwARWDPjuYN_7FbQ4zt2MpiTwMMzYofh0JWL7U0rRIHHPjfC9K_75RVnsKeNxoCsA8QAvD_BwE&gclsrc=aw.ds&gbraid=0AAAAADshOIT5HPa_WJY4uuwfdx7sBLTPV","KARWEI Amsterdam-Noord","https://www.karwei.nl/vestigingen/amsterdam-noord","KARWEI Amsterdam-Noord","Klaprozenweg 31/33","AMSTERDAM"
"1762859566-125","https://www.karwei.nl/vestigingen/overzicht?_gl=1*yptrie*_up*MQ..*_gs*MQ..&gclid=CjwKCAiA2svIBhB-EiwARWDPjuYN_7FbQ4zt2MpiTwMMzYofh0JWL7U0rRIHHPjfC9K_75RVnsKeNxoCsA8QAvD_BwE&gclsrc=aw.ds&gbraid=0AAAAADshOIT5HPa_WJY4uuwfdx7sBLTPV","KARWEI Amsterdam Spaklerweg","https://www.karwei.nl/vestigingen/amsterdam-spaklerweg","KARWEI Amsterdam Spaklerweg","Daniël Goedkoopstraat 31/-E","AMSTERDAM"
"1762859569-126","https://www.karwei.nl/vestigingen/overzicht?_gl=1*yptrie*_up*MQ..*_gs*MQ..&gclid=CjwKCAiA2svIBhB-EiwARWDPjuYN_7FbQ4zt2MpiTwMMzYofh0JWL7U0rRIHHPjfC9K_75RVnsKeNxoCsA8QAvD_BwE&gclsrc=aw.ds&gbraid=0AAAAADshOIT5HPa_WJY4uuwfdx7sBLTPV","KARWEI Amersfoort-Vathorst","https://www.karwei.nl/vestigingen/amersfoort-vathorst","KARWEI Amersfoort-Vathorst","Euroweg 97","AMERSFOORT"
"1762859571-127","https://www.karwei.nl/vestigingen/overzicht?_gl=1*yptrie*_up*MQ..*_gs*MQ..&gclid=CjwKCAiA2svIBhB-EiwARWDPjuYN_7FbQ4zt2MpiTwMMzYofh0JWL7U0rRIHHPjfC9K_75RVnsKeNxoCsA8QAvD_BwE&gclsrc=aw.ds&gbraid=0AAAAADshOIT5HPa_WJY4uuwfdx7sBLTPV","KARWEI Alphen aan den Rijn","https://www.karwei.nl/vestigingen/alphen-aan-den-rijn","KARWEI Alphen aan den Rijn","Van Foreestlaan 2","ALPHEN AAN DEN RIJN"
"1762859573-128","https://www.karwei.nl/vestigingen/overzicht?_gl=1*yptrie*_up*MQ..*_gs*MQ..&gclid=CjwKCAiA2svIBhB-EiwARWDPjuYN_7FbQ4zt2MpiTwMMzYofh0JWL7U0rRIHHPjfC9K_75RVnsKeNxoCsA8QAvD_BwE&gclsrc=aw.ds&gbraid=0AAAAADshOIT5HPa_WJY4uuwfdx7sBLTPV","KARWEI Alkmaar","https://www.karwei.nl/vestigingen/alkmaar","KARWEI Alkmaar","Koedijkerstraat 1","ALKMAAR"
"1762859575-129","https://www.karwei.nl/vestigingen/overzicht?_gl=1*yptrie*_up*MQ..*_gs*MQ..&gclid=CjwKCAiA2svIBhB-EiwARWDPjuYN_7FbQ4zt2MpiTwMMzYofh0JWL7U0rRIHHPjfC9K_75RVnsKeNxoCsA8QAvD_BwE&gclsrc=aw.ds&gbraid=0AAAAADshOIT5HPa_WJY4uuwfdx7sBLTPV","KARWEI Aalten","https://www.karwei.nl/vestigingen/aalten","KARWEI Aalten","De Driehoek 5","AALTEN"
